KH001,T01, Nguyen Tran Cong Danh,quan 1,0901234567,danhcong123@gmail.com,15-11-2024,26-11-2024,075205000220
KH002,L14, Nguyen Tuan Dat, quan 2,0909876543,tuandat456@gmail.com,20-11-2024,23-11-2024,000000000000
KH003,L21, Nguyen Nhat Huy, quan 3,0911122334,nhathuy789@yahoo.com,12-11-2024,20-11-2024,075000000000
KH004,T02, Luu Co Thanh, quan 4,0922233445,cothanhjqk@gmail.com,01-10-2024,10-10-2024,098782000000
KH005,L12, Tran Gia Han, quan 5,0933344556,giahan357@outlook.com,05-10-2024,07-10-2024,087230000000
KH006,L11, Thanh Tai, quan 6,0945566778,null,24-09-2024,26-08-2024,075201000000
KH007,L17,cppoo,null,0000000000,null@,01-01-2024,02-02-2024,081270000000
KH008,L16,dd,null,0000000000,abc@,01-01-2024,01-02-2024,071000220000
KH009,L22, sasuke, quan 10,1234567890,naruto@gmail.com, 12-10-2024, 15-10-2024,012390000000
KH010,L23, uchiha, quan 10,0987654321,uchiha123@gmail.com, 12-11-2024, 15-11-2024,019203000000
KH011,L26, uzumaki, quan 8,0909090909,naruto569@gmail.com, 12-5-2024, 26-10-2024,091299000000
KH012,L24, tinhquai, quan 7,6868686868,xinhgai234@gmail.com, 22-8-2024, 30-8-2024,019999999999
KH013,L11,abcdef,null,0000000000,abc@abc,01-01-2025,02-02-2025,019000000000
KH014,L25,cop,null,0000000000,null@ull,10-10-2025,12-10-2025,091900000000
KH015,L15,cpp,null,0000000000,abc@gmail,01-09-2024,10-09-2024,909999999999
KH016,L14,cmn,null,0000000000,abc@gmail,01-01-2025,02-01-2025,099999999999
KH017,L13,acs,null,0000000000,abc@gmail,01-01-2025,01-01-2025,099999999999
KH018,T01,ppp,null,0000000000,abc@gmail.com,01-01-2025,02-01-2025,096205000000
KH019,T03,ppp,null,0353158836,abc@gmail.com,10-12-2024,12-12-2024,091929000000
KH020,T03,pppp,null,0000000000,abc@null,01-01-2024,02-01-2024,075205000220
